"State";"Applicants or Matriculants";"Race";"Count"
"Alabama";"Applicants";"Mexican American";4
"Alabama";"Applicants";"Puerto Rican";2
"Alabama";"Applicants";"Cuban";3
"Alabama";"Applicants";"Other Hispanic or Latino";6
"Alabama";"Applicants";"Multiple Hispanic";2
"Alabama";"Applicants";"Black or African American";67
"Alabama";"Applicants";"Asian";46
"Alabama";"Applicants";"American Indian or Alaska Native";0
"Alabama";"Applicants";"Native Hawaiian or Other Pacific Islander";0
"Alabama";"Applicants";"White";337
"Alabama";"Applicants";"Other Race";0
"Alabama";"Applicants";"No Race Response";13
"Alabama";"Applicants";"More than One Race";6
"Alabama";"Applicants";"Foreign";1
"Alaska";"Applicants";"Mexican American";3
"Alaska";"Applicants";"Puerto Rican";1
"Alaska";"Applicants";"Cuban";0
"Alaska";"Applicants";"Other Hispanic or Latino";1
"Alaska";"Applicants";"Multiple Hispanic";1
"Alaska";"Applicants";"Black or African American";1
"Alaska";"Applicants";"Asian";1
"Alaska";"Applicants";"American Indian or Alaska Native";5
"Alaska";"Applicants";"Native Hawaiian or Other Pacific Islander";0
"Alaska";"Applicants";"White";63
"Alaska";"Applicants";"Other Race";0
"Alaska";"Applicants";"No Race Response";1
"Alaska";"Applicants";"More than One Race";5
"Alaska";"Applicants";"Foreign";0
"Arizona";"Applicants";"Mexican American";56
"Arizona";"Applicants";"Puerto Rican";7
"Arizona";"Applicants";"Cuban";2
"Arizona";"Applicants";"Other Hispanic or Latino";21
"Arizona";"Applicants";"Multiple Hispanic";1
"Arizona";"Applicants";"Black or African American";21
"Arizona";"Applicants";"Asian";107
"Arizona";"Applicants";"American Indian or Alaska Native";2
"Arizona";"Applicants";"Native Hawaiian or Other Pacific Islander";2
"Arizona";"Applicants";"White";385
"Arizona";"Applicants";"Other Race";0
"Arizona";"Applicants";"No Race Response";19
"Arizona";"Applicants";"More than One Race";18
"Arizona";"Applicants";"Foreign";5
"Arkansas";"Applicants";"Mexican American";3
"Arkansas";"Applicants";"Puerto Rican";1
"Arkansas";"Applicants";"Cuban";0
"Arkansas";"Applicants";"Other Hispanic or Latino";3
"Arkansas";"Applicants";"Multiple Hispanic";1
"Arkansas";"Applicants";"Black or African American";30
"Arkansas";"Applicants";"Asian";32
"Arkansas";"Applicants";"American Indian or Alaska Native";0
"Arkansas";"Applicants";"Native Hawaiian or Other Pacific Islander";1
"Arkansas";"Applicants";"White";248
"Arkansas";"Applicants";"Other Race";0
"Arkansas";"Applicants";"No Race Response";8
"Arkansas";"Applicants";"More than One Race";7
"Arkansas";"Applicants";"Foreign";1
"California";"Applicants";"Mexican American";271
"California";"Applicants";"Puerto Rican";15
"California";"Applicants";"Cuban";12
"California";"Applicants";"Other Hispanic or Latino";188
"California";"Applicants";"Multiple Hispanic";27
"California";"Applicants";"Black or African American";192
"California";"Applicants";"Asian";2162
"California";"Applicants";"American Indian or Alaska Native";5
"California";"Applicants";"Native Hawaiian or Other Pacific Islander";22
"California";"Applicants";"White";1812
"California";"Applicants";"Other Race";2
"California";"Applicants";"No Race Response";208
"California";"Applicants";"More than One Race";230
"California";"Applicants";"Foreign";39
"Colorado";"Applicants";"Mexican American";27
"Colorado";"Applicants";"Puerto Rican";3
"Colorado";"Applicants";"Cuban";1
"Colorado";"Applicants";"Other Hispanic or Latino";20
"Colorado";"Applicants";"Multiple Hispanic";1
"Colorado";"Applicants";"Black or African American";16
"Colorado";"Applicants";"Asian";58
"Colorado";"Applicants";"American Indian or Alaska Native";0
"Colorado";"Applicants";"Native Hawaiian or Other Pacific Islander";1
"Colorado";"Applicants";"White";477
"Colorado";"Applicants";"Other Race";0
"Colorado";"Applicants";"No Race Response";16
"Colorado";"Applicants";"More than One Race";23
"Colorado";"Applicants";"Foreign";1
"Connecticut";"Applicants";"Mexican American";2
"Connecticut";"Applicants";"Puerto Rican";7
"Connecticut";"Applicants";"Cuban";2
"Connecticut";"Applicants";"Other Hispanic or Latino";13
"Connecticut";"Applicants";"Multiple Hispanic";2
"Connecticut";"Applicants";"Black or African American";32
"Connecticut";"Applicants";"Asian";71
"Connecticut";"Applicants";"American Indian or Alaska Native";1
"Connecticut";"Applicants";"Native Hawaiian or Other Pacific Islander";1
"Connecticut";"Applicants";"White";316
"Connecticut";"Applicants";"Other Race";0
"Connecticut";"Applicants";"No Race Response";25
"Connecticut";"Applicants";"More than One Race";16
"Connecticut";"Applicants";"Foreign";6
"Delaware";"Applicants";"Mexican American";0
"Delaware";"Applicants";"Puerto Rican";1
"Delaware";"Applicants";"Cuban";0
"Delaware";"Applicants";"Other Hispanic or Latino";0
"Delaware";"Applicants";"Multiple Hispanic";0
"Delaware";"Applicants";"Black or African American";14
"Delaware";"Applicants";"Asian";23
"Delaware";"Applicants";"American Indian or Alaska Native";0
"Delaware";"Applicants";"Native Hawaiian or Other Pacific Islander";0
"Delaware";"Applicants";"White";40
"Delaware";"Applicants";"Other Race";0
"Delaware";"Applicants";"No Race Response";6
"Delaware";"Applicants";"More than One Race";0
"Delaware";"Applicants";"Foreign";1
"District of Columbia";"Applicants";"Mexican American";1
"District of Columbia";"Applicants";"Puerto Rican";0
"District of Columbia";"Applicants";"Cuban";0
"District of Columbia";"Applicants";"Other Hispanic or Latino";2
"District of Columbia";"Applicants";"Multiple Hispanic";0
"District of Columbia";"Applicants";"Black or African American";21
"District of Columbia";"Applicants";"Asian";7
"District of Columbia";"Applicants";"American Indian or Alaska Native";0
"District of Columbia";"Applicants";"Native Hawaiian or Other Pacific Islander";0
"District of Columbia";"Applicants";"White";39
"District of Columbia";"Applicants";"Other Race";0
"District of Columbia";"Applicants";"No Race Response";3
"District of Columbia";"Applicants";"More than One Race";2
"District of Columbia";"Applicants";"Foreign";9
"Florida";"Applicants";"Mexican American";14
"Florida";"Applicants";"Puerto Rican";44
"Florida";"Applicants";"Cuban";192
"Florida";"Applicants";"Other Hispanic or Latino";246
"Florida";"Applicants";"Multiple Hispanic";42
"Florida";"Applicants";"Black or African American";278
"Florida";"Applicants";"Asian";377
"Florida";"Applicants";"American Indian or Alaska Native";1
"Florida";"Applicants";"Native Hawaiian or Other Pacific Islander";4
"Florida";"Applicants";"White";1148
"Florida";"Applicants";"Other Race";0
"Florida";"Applicants";"No Race Response";59
"Florida";"Applicants";"More than One Race";69
"Florida";"Applicants";"Foreign";18
"Georgia";"Applicants";"Mexican American";8
"Georgia";"Applicants";"Puerto Rican";11
"Georgia";"Applicants";"Cuban";4
"Georgia";"Applicants";"Other Hispanic or Latino";27
"Georgia";"Applicants";"Multiple Hispanic";1
"Georgia";"Applicants";"Black or African American";259
"Georgia";"Applicants";"Asian";222
"Georgia";"Applicants";"American Indian or Alaska Native";1
"Georgia";"Applicants";"Native Hawaiian or Other Pacific Islander";1
"Georgia";"Applicants";"White";636
"Georgia";"Applicants";"Other Race";0
"Georgia";"Applicants";"No Race Response";31
"Georgia";"Applicants";"More than One Race";27
"Georgia";"Applicants";"Foreign";12
"Hawaii";"Applicants";"Mexican American";8
"Hawaii";"Applicants";"Puerto Rican";3
"Hawaii";"Applicants";"Cuban";0
"Hawaii";"Applicants";"Other Hispanic or Latino";5
"Hawaii";"Applicants";"Multiple Hispanic";0
"Hawaii";"Applicants";"Black or African American";0
"Hawaii";"Applicants";"Asian";112
"Hawaii";"Applicants";"American Indian or Alaska Native";0
"Hawaii";"Applicants";"Native Hawaiian or Other Pacific Islander";13
"Hawaii";"Applicants";"White";24
"Hawaii";"Applicants";"Other Race";0
"Hawaii";"Applicants";"No Race Response";1
"Hawaii";"Applicants";"More than One Race";38
"Hawaii";"Applicants";"Foreign";0
"Idaho";"Applicants";"Mexican American";5
"Idaho";"Applicants";"Puerto Rican";1
"Idaho";"Applicants";"Cuban";0
"Idaho";"Applicants";"Other Hispanic or Latino";2
"Idaho";"Applicants";"Multiple Hispanic";0
"Idaho";"Applicants";"Black or African American";0
"Idaho";"Applicants";"Asian";2
"Idaho";"Applicants";"American Indian or Alaska Native";1
"Idaho";"Applicants";"Native Hawaiian or Other Pacific Islander";0
"Idaho";"Applicants";"White";119
"Idaho";"Applicants";"Other Race";0
"Idaho";"Applicants";"No Race Response";4
"Idaho";"Applicants";"More than One Race";8
"Idaho";"Applicants";"Foreign";0
"Illinois";"Applicants";"Mexican American";42
"Illinois";"Applicants";"Puerto Rican";5
"Illinois";"Applicants";"Cuban";7
"Illinois";"Applicants";"Other Hispanic or Latino";44
"Illinois";"Applicants";"Multiple Hispanic";8
"Illinois";"Applicants";"Black or African American";156
"Illinois";"Applicants";"Asian";534
"Illinois";"Applicants";"American Indian or Alaska Native";1
"Illinois";"Applicants";"Native Hawaiian or Other Pacific Islander";6
"Illinois";"Applicants";"White";1080
"Illinois";"Applicants";"Other Race";1
"Illinois";"Applicants";"No Race Response";54
"Illinois";"Applicants";"More than One Race";42
"Illinois";"Applicants";"Foreign";14
"Indiana";"Applicants";"Mexican American";8
"Indiana";"Applicants";"Puerto Rican";2
"Indiana";"Applicants";"Cuban";3
"Indiana";"Applicants";"Other Hispanic or Latino";9
"Indiana";"Applicants";"Multiple Hispanic";0
"Indiana";"Applicants";"Black or African American";48
"Indiana";"Applicants";"Asian";78
"Indiana";"Applicants";"American Indian or Alaska Native";1
"Indiana";"Applicants";"Native Hawaiian or Other Pacific Islander";1
"Indiana";"Applicants";"White";530
"Indiana";"Applicants";"Other Race";0
"Indiana";"Applicants";"No Race Response";17
"Indiana";"Applicants";"More than One Race";11
"Indiana";"Applicants";"Foreign";4
"Iowa";"Applicants";"Mexican American";4
"Iowa";"Applicants";"Puerto Rican";2
"Iowa";"Applicants";"Cuban";0
"Iowa";"Applicants";"Other Hispanic or Latino";2
"Iowa";"Applicants";"Multiple Hispanic";1
"Iowa";"Applicants";"Black or African American";9
"Iowa";"Applicants";"Asian";50
"Iowa";"Applicants";"American Indian or Alaska Native";1
"Iowa";"Applicants";"Native Hawaiian or Other Pacific Islander";1
"Iowa";"Applicants";"White";280
"Iowa";"Applicants";"Other Race";0
"Iowa";"Applicants";"No Race Response";13
"Iowa";"Applicants";"More than One Race";5
"Iowa";"Applicants";"Foreign";4
"Kansas";"Applicants";"Mexican American";16
"Kansas";"Applicants";"Puerto Rican";0
"Kansas";"Applicants";"Cuban";3
"Kansas";"Applicants";"Other Hispanic or Latino";7
"Kansas";"Applicants";"Multiple Hispanic";2
"Kansas";"Applicants";"Black or African American";17
"Kansas";"Applicants";"Asian";50
"Kansas";"Applicants";"American Indian or Alaska Native";1
"Kansas";"Applicants";"Native Hawaiian or Other Pacific Islander";0
"Kansas";"Applicants";"White";329
"Kansas";"Applicants";"Other Race";1
"Kansas";"Applicants";"No Race Response";9
"Kansas";"Applicants";"More than One Race";16
"Kansas";"Applicants";"Foreign";0
"Kentucky";"Applicants";"Mexican American";4
"Kentucky";"Applicants";"Puerto Rican";2
"Kentucky";"Applicants";"Cuban";0
"Kentucky";"Applicants";"Other Hispanic or Latino";8
"Kentucky";"Applicants";"Multiple Hispanic";2
"Kentucky";"Applicants";"Black or African American";18
"Kentucky";"Applicants";"Asian";49
"Kentucky";"Applicants";"American Indian or Alaska Native";1
"Kentucky";"Applicants";"Native Hawaiian or Other Pacific Islander";0
"Kentucky";"Applicants";"White";400
"Kentucky";"Applicants";"Other Race";0
"Kentucky";"Applicants";"No Race Response";5
"Kentucky";"Applicants";"More than One Race";8
"Kentucky";"Applicants";"Foreign";2
"Louisiana";"Applicants";"Mexican American";3
"Louisiana";"Applicants";"Puerto Rican";1
"Louisiana";"Applicants";"Cuban";2
"Louisiana";"Applicants";"Other Hispanic or Latino";22
"Louisiana";"Applicants";"Multiple Hispanic";3
"Louisiana";"Applicants";"Black or African American";79
"Louisiana";"Applicants";"Asian";91
"Louisiana";"Applicants";"American Indian or Alaska Native";1
"Louisiana";"Applicants";"Native Hawaiian or Other Pacific Islander";0
"Louisiana";"Applicants";"White";519
"Louisiana";"Applicants";"Other Race";0
"Louisiana";"Applicants";"No Race Response";14
"Louisiana";"Applicants";"More than One Race";18
"Louisiana";"Applicants";"Foreign";5
"Maine";"Applicants";"Mexican American";1
"Maine";"Applicants";"Puerto Rican";0
"Maine";"Applicants";"Cuban";0
"Maine";"Applicants";"Other Hispanic or Latino";1
"Maine";"Applicants";"Multiple Hispanic";2
"Maine";"Applicants";"Black or African American";1
"Maine";"Applicants";"Asian";2
"Maine";"Applicants";"American Indian or Alaska Native";0
"Maine";"Applicants";"Native Hawaiian or Other Pacific Islander";0
"Maine";"Applicants";"White";80
"Maine";"Applicants";"Other Race";0
"Maine";"Applicants";"No Race Response";4
"Maine";"Applicants";"More than One Race";1
"Maine";"Applicants";"Foreign";2
"Maryland";"Applicants";"Mexican American";7
"Maryland";"Applicants";"Puerto Rican";4
"Maryland";"Applicants";"Cuban";4
"Maryland";"Applicants";"Other Hispanic or Latino";30
"Maryland";"Applicants";"Multiple Hispanic";3
"Maryland";"Applicants";"Black or African American";188
"Maryland";"Applicants";"Asian";280
"Maryland";"Applicants";"American Indian or Alaska Native";1
"Maryland";"Applicants";"Native Hawaiian or Other Pacific Islander";0
"Maryland";"Applicants";"White";432
"Maryland";"Applicants";"Other Race";1
"Maryland";"Applicants";"No Race Response";27
"Maryland";"Applicants";"More than One Race";21
"Maryland";"Applicants";"Foreign";23
"Massachusetts";"Applicants";"Mexican American";3
"Massachusetts";"Applicants";"Puerto Rican";3
"Massachusetts";"Applicants";"Cuban";2
"Massachusetts";"Applicants";"Other Hispanic or Latino";22
"Massachusetts";"Applicants";"Multiple Hispanic";3
"Massachusetts";"Applicants";"Black or African American";45
"Massachusetts";"Applicants";"Asian";207
"Massachusetts";"Applicants";"American Indian or Alaska Native";1
"Massachusetts";"Applicants";"Native Hawaiian or Other Pacific Islander";0
"Massachusetts";"Applicants";"White";657
"Massachusetts";"Applicants";"Other Race";1
"Massachusetts";"Applicants";"No Race Response";52
"Massachusetts";"Applicants";"More than One Race";37
"Massachusetts";"Applicants";"Foreign";40
"Michigan";"Applicants";"Mexican American";18
"Michigan";"Applicants";"Puerto Rican";2
"Michigan";"Applicants";"Cuban";3
"Michigan";"Applicants";"Other Hispanic or Latino";25
"Michigan";"Applicants";"Multiple Hispanic";3
"Michigan";"Applicants";"Black or African American";112
"Michigan";"Applicants";"Asian";322
"Michigan";"Applicants";"American Indian or Alaska Native";6
"Michigan";"Applicants";"Native Hawaiian or Other Pacific Islander";1
"Michigan";"Applicants";"White";1136
"Michigan";"Applicants";"Other Race";0
"Michigan";"Applicants";"No Race Response";52
"Michigan";"Applicants";"More than One Race";31
"Michigan";"Applicants";"Foreign";10
"Minnesota";"Applicants";"Mexican American";5
"Minnesota";"Applicants";"Puerto Rican";0
"Minnesota";"Applicants";"Cuban";0
"Minnesota";"Applicants";"Other Hispanic or Latino";4
"Minnesota";"Applicants";"Multiple Hispanic";0
"Minnesota";"Applicants";"Black or African American";47
"Minnesota";"Applicants";"Asian";77
"Minnesota";"Applicants";"American Indian or Alaska Native";1
"Minnesota";"Applicants";"Native Hawaiian or Other Pacific Islander";0
"Minnesota";"Applicants";"White";681
"Minnesota";"Applicants";"Other Race";0
"Minnesota";"Applicants";"No Race Response";31
"Minnesota";"Applicants";"More than One Race";16
"Minnesota";"Applicants";"Foreign";8
"Mississippi";"Applicants";"Mexican American";2
"Mississippi";"Applicants";"Puerto Rican";3
"Mississippi";"Applicants";"Cuban";0
"Mississippi";"Applicants";"Other Hispanic or Latino";3
"Mississippi";"Applicants";"Multiple Hispanic";0
"Mississippi";"Applicants";"Black or African American";67
"Mississippi";"Applicants";"Asian";31
"Mississippi";"Applicants";"American Indian or Alaska Native";0
"Mississippi";"Applicants";"Native Hawaiian or Other Pacific Islander";0
"Mississippi";"Applicants";"White";241
"Mississippi";"Applicants";"Other Race";0
"Mississippi";"Applicants";"No Race Response";5
"Mississippi";"Applicants";"More than One Race";4
"Mississippi";"Applicants";"Foreign";2
"Missouri";"Applicants";"Mexican American";2
"Missouri";"Applicants";"Puerto Rican";0
"Missouri";"Applicants";"Cuban";0
"Missouri";"Applicants";"Other Hispanic or Latino";9
"Missouri";"Applicants";"Multiple Hispanic";0
"Missouri";"Applicants";"Black or African American";29
"Missouri";"Applicants";"Asian";80
"Missouri";"Applicants";"American Indian or Alaska Native";1
"Missouri";"Applicants";"Native Hawaiian or Other Pacific Islander";0
"Missouri";"Applicants";"White";494
"Missouri";"Applicants";"Other Race";0
"Missouri";"Applicants";"No Race Response";21
"Missouri";"Applicants";"More than One Race";16
"Missouri";"Applicants";"Foreign";3
"Montana";"Applicants";"Mexican American";1
"Montana";"Applicants";"Puerto Rican";1
"Montana";"Applicants";"Cuban";1
"Montana";"Applicants";"Other Hispanic or Latino";1
"Montana";"Applicants";"Multiple Hispanic";0
"Montana";"Applicants";"Black or African American";0
"Montana";"Applicants";"Asian";4
"Montana";"Applicants";"American Indian or Alaska Native";1
"Montana";"Applicants";"Native Hawaiian or Other Pacific Islander";0
"Montana";"Applicants";"White";119
"Montana";"Applicants";"Other Race";0
"Montana";"Applicants";"No Race Response";3
"Montana";"Applicants";"More than One Race";2
"Montana";"Applicants";"Foreign";0
"Nebraska";"Applicants";"Mexican American";0
"Nebraska";"Applicants";"Puerto Rican";0
"Nebraska";"Applicants";"Cuban";1
"Nebraska";"Applicants";"Other Hispanic or Latino";4
"Nebraska";"Applicants";"Multiple Hispanic";1
"Nebraska";"Applicants";"Black or African American";6
"Nebraska";"Applicants";"Asian";22
"Nebraska";"Applicants";"American Indian or Alaska Native";0
"Nebraska";"Applicants";"Native Hawaiian or Other Pacific Islander";0
"Nebraska";"Applicants";"White";259
"Nebraska";"Applicants";"Other Race";0
"Nebraska";"Applicants";"No Race Response";8
"Nebraska";"Applicants";"More than One Race";5
"Nebraska";"Applicants";"Foreign";2
"Nevada";"Applicants";"Mexican American";10
"Nevada";"Applicants";"Puerto Rican";3
"Nevada";"Applicants";"Cuban";2
"Nevada";"Applicants";"Other Hispanic or Latino";8
"Nevada";"Applicants";"Multiple Hispanic";0
"Nevada";"Applicants";"Black or African American";8
"Nevada";"Applicants";"Asian";50
"Nevada";"Applicants";"American Indian or Alaska Native";0
"Nevada";"Applicants";"Native Hawaiian or Other Pacific Islander";1
"Nevada";"Applicants";"White";112
"Nevada";"Applicants";"Other Race";0
"Nevada";"Applicants";"No Race Response";10
"Nevada";"Applicants";"More than One Race";17
"Nevada";"Applicants";"Foreign";0
"New Hampshire";"Applicants";"Mexican American";1
"New Hampshire";"Applicants";"Puerto Rican";0
"New Hampshire";"Applicants";"Cuban";1
"New Hampshire";"Applicants";"Other Hispanic or Latino";0
"New Hampshire";"Applicants";"Multiple Hispanic";0
"New Hampshire";"Applicants";"Black or African American";2
"New Hampshire";"Applicants";"Asian";6
"New Hampshire";"Applicants";"American Indian or Alaska Native";0
"New Hampshire";"Applicants";"Native Hawaiian or Other Pacific Islander";1
"New Hampshire";"Applicants";"White";83
"New Hampshire";"Applicants";"Other Race";0
"New Hampshire";"Applicants";"No Race Response";1
"New Hampshire";"Applicants";"More than One Race";1
"New Hampshire";"Applicants";"Foreign";1
"New Jersey";"Applicants";"Mexican American";7
"New Jersey";"Applicants";"Puerto Rican";13
"New Jersey";"Applicants";"Cuban";12
"New Jersey";"Applicants";"Other Hispanic or Latino";58
"New Jersey";"Applicants";"Multiple Hispanic";9
"New Jersey";"Applicants";"Black or African American";131
"New Jersey";"Applicants";"Asian";493
"New Jersey";"Applicants";"American Indian or Alaska Native";1
"New Jersey";"Applicants";"Native Hawaiian or Other Pacific Islander";3
"New Jersey";"Applicants";"White";652
"New Jersey";"Applicants";"Other Race";1
"New Jersey";"Applicants";"No Race Response";67
"New Jersey";"Applicants";"More than One Race";24
"New Jersey";"Applicants";"Foreign";9
"New Mexico";"Applicants";"Mexican American";37
"New Mexico";"Applicants";"Puerto Rican";1
"New Mexico";"Applicants";"Cuban";0
"New Mexico";"Applicants";"Other Hispanic or Latino";26
"New Mexico";"Applicants";"Multiple Hispanic";6
"New Mexico";"Applicants";"Black or African American";7
"New Mexico";"Applicants";"Asian";21
"New Mexico";"Applicants";"American Indian or Alaska Native";4
"New Mexico";"Applicants";"Native Hawaiian or Other Pacific Islander";1
"New Mexico";"Applicants";"White";126
"New Mexico";"Applicants";"Other Race";0
"New Mexico";"Applicants";"No Race Response";8
"New Mexico";"Applicants";"More than One Race";7
"New Mexico";"Applicants";"Foreign";3
"New York";"Applicants";"Mexican American";15
"New York";"Applicants";"Puerto Rican";31
"New York";"Applicants";"Cuban";12
"New York";"Applicants";"Other Hispanic or Latino";123
"New York";"Applicants";"Multiple Hispanic";18
"New York";"Applicants";"Black or African American";313
"New York";"Applicants";"Asian";760
"New York";"Applicants";"American Indian or Alaska Native";2
"New York";"Applicants";"Native Hawaiian or Other Pacific Islander";4
"New York";"Applicants";"White";1618
"New York";"Applicants";"Other Race";2
"New York";"Applicants";"No Race Response";165
"New York";"Applicants";"More than One Race";56
"New York";"Applicants";"Foreign";28
"North Carolina";"Applicants";"Mexican American";7
"North Carolina";"Applicants";"Puerto Rican";1
"North Carolina";"Applicants";"Cuban";5
"North Carolina";"Applicants";"Other Hispanic or Latino";17
"North Carolina";"Applicants";"Multiple Hispanic";0
"North Carolina";"Applicants";"Black or African American";130
"North Carolina";"Applicants";"Asian";156
"North Carolina";"Applicants";"American Indian or Alaska Native";5
"North Carolina";"Applicants";"Native Hawaiian or Other Pacific Islander";1
"North Carolina";"Applicants";"White";632
"North Carolina";"Applicants";"Other Race";0
"North Carolina";"Applicants";"No Race Response";30
"North Carolina";"Applicants";"More than One Race";34
"North Carolina";"Applicants";"Foreign";12
"North Dakota";"Applicants";"Mexican American";1
"North Dakota";"Applicants";"Puerto Rican";0
"North Dakota";"Applicants";"Cuban";0
"North Dakota";"Applicants";"Other Hispanic or Latino";1
"North Dakota";"Applicants";"Multiple Hispanic";0
"North Dakota";"Applicants";"Black or African American";2
"North Dakota";"Applicants";"Asian";8
"North Dakota";"Applicants";"American Indian or Alaska Native";5
"North Dakota";"Applicants";"Native Hawaiian or Other Pacific Islander";0
"North Dakota";"Applicants";"White";121
"North Dakota";"Applicants";"Other Race";0
"North Dakota";"Applicants";"No Race Response";0
"North Dakota";"Applicants";"More than One Race";3
"North Dakota";"Applicants";"Foreign";2
"Ohio";"Applicants";"Mexican American";8
"Ohio";"Applicants";"Puerto Rican";6
"Ohio";"Applicants";"Cuban";2
"Ohio";"Applicants";"Other Hispanic or Latino";16
"Ohio";"Applicants";"Multiple Hispanic";2
"Ohio";"Applicants";"Black or African American";86
"Ohio";"Applicants";"Asian";255
"Ohio";"Applicants";"American Indian or Alaska Native";0
"Ohio";"Applicants";"Native Hawaiian or Other Pacific Islander";1
"Ohio";"Applicants";"White";1046
"Ohio";"Applicants";"Other Race";0
"Ohio";"Applicants";"No Race Response";57
"Ohio";"Applicants";"More than One Race";39
"Ohio";"Applicants";"Foreign";15
"Oklahoma";"Applicants";"Mexican American";7
"Oklahoma";"Applicants";"Puerto Rican";2
"Oklahoma";"Applicants";"Cuban";1
"Oklahoma";"Applicants";"Other Hispanic or Latino";5
"Oklahoma";"Applicants";"Multiple Hispanic";0
"Oklahoma";"Applicants";"Black or African American";21
"Oklahoma";"Applicants";"Asian";61
"Oklahoma";"Applicants";"American Indian or Alaska Native";29
"Oklahoma";"Applicants";"Native Hawaiian or Other Pacific Islander";0
"Oklahoma";"Applicants";"White";232
"Oklahoma";"Applicants";"Other Race";0
"Oklahoma";"Applicants";"No Race Response";4
"Oklahoma";"Applicants";"More than One Race";26
"Oklahoma";"Applicants";"Foreign";4
"Oregon";"Applicants";"Mexican American";5
"Oregon";"Applicants";"Puerto Rican";1
"Oregon";"Applicants";"Cuban";0
"Oregon";"Applicants";"Other Hispanic or Latino";8
"Oregon";"Applicants";"Multiple Hispanic";1
"Oregon";"Applicants";"Black or African American";5
"Oregon";"Applicants";"Asian";66
"Oregon";"Applicants";"American Indian or Alaska Native";3
"Oregon";"Applicants";"Native Hawaiian or Other Pacific Islander";4
"Oregon";"Applicants";"White";332
"Oregon";"Applicants";"Other Race";0
"Oregon";"Applicants";"No Race Response";11
"Oregon";"Applicants";"More than One Race";18
"Oregon";"Applicants";"Foreign";0
"Pennsylvania";"Applicants";"Mexican American";8
"Pennsylvania";"Applicants";"Puerto Rican";9
"Pennsylvania";"Applicants";"Cuban";4
"Pennsylvania";"Applicants";"Other Hispanic or Latino";18
"Pennsylvania";"Applicants";"Multiple Hispanic";3
"Pennsylvania";"Applicants";"Black or African American";93
"Pennsylvania";"Applicants";"Asian";266
"Pennsylvania";"Applicants";"American Indian or Alaska Native";1
"Pennsylvania";"Applicants";"Native Hawaiian or Other Pacific Islander";0
"Pennsylvania";"Applicants";"White";1045
"Pennsylvania";"Applicants";"Other Race";0
"Pennsylvania";"Applicants";"No Race Response";51
"Pennsylvania";"Applicants";"More than One Race";34
"Pennsylvania";"Applicants";"Foreign";15
"Puerto Rico";"Applicants";"Mexican American";0
"Puerto Rico";"Applicants";"Puerto Rican";454
"Puerto Rico";"Applicants";"Cuban";4
"Puerto Rico";"Applicants";"Other Hispanic or Latino";10
"Puerto Rico";"Applicants";"Multiple Hispanic";14
"Puerto Rico";"Applicants";"Black or African American";1
"Puerto Rico";"Applicants";"Asian";1
"Puerto Rico";"Applicants";"American Indian or Alaska Native";0
"Puerto Rico";"Applicants";"Native Hawaiian or Other Pacific Islander";1
"Puerto Rico";"Applicants";"White";7
"Puerto Rico";"Applicants";"Other Race";0
"Puerto Rico";"Applicants";"No Race Response";3
"Puerto Rico";"Applicants";"More than One Race";0
"Puerto Rico";"Applicants";"Foreign";0
"Residence is Foreign";"Applicants";"Mexican American";0
"Residence is Foreign";"Applicants";"Puerto Rican";0
"Residence is Foreign";"Applicants";"Cuban";0
"Residence is Foreign";"Applicants";"Other Hispanic or Latino";1
"Residence is Foreign";"Applicants";"Multiple Hispanic";0
"Residence is Foreign";"Applicants";"Black or African American";1
"Residence is Foreign";"Applicants";"Asian";21
"Residence is Foreign";"Applicants";"American Indian or Alaska Native";0
"Residence is Foreign";"Applicants";"Native Hawaiian or Other Pacific Islander";0
"Residence is Foreign";"Applicants";"White";32
"Residence is Foreign";"Applicants";"Other Race";0
"Residence is Foreign";"Applicants";"No Race Response";2
"Residence is Foreign";"Applicants";"More than One Race";5
"Residence is Foreign";"Applicants";"Foreign";1269
"Rhode Island";"Applicants";"Mexican American";1
"Rhode Island";"Applicants";"Puerto Rican";2
"Rhode Island";"Applicants";"Cuban";0
"Rhode Island";"Applicants";"Other Hispanic or Latino";2
"Rhode Island";"Applicants";"Multiple Hispanic";0
"Rhode Island";"Applicants";"Black or African American";6
"Rhode Island";"Applicants";"Asian";8
"Rhode Island";"Applicants";"American Indian or Alaska Native";0
"Rhode Island";"Applicants";"Native Hawaiian or Other Pacific Islander";0
"Rhode Island";"Applicants";"White";61
"Rhode Island";"Applicants";"Other Race";0
"Rhode Island";"Applicants";"No Race Response";6
"Rhode Island";"Applicants";"More than One Race";1
"Rhode Island";"Applicants";"Foreign";0
"South Carolina";"Applicants";"Mexican American";5
"South Carolina";"Applicants";"Puerto Rican";5
"South Carolina";"Applicants";"Cuban";1
"South Carolina";"Applicants";"Other Hispanic or Latino";9
"South Carolina";"Applicants";"Multiple Hispanic";0
"South Carolina";"Applicants";"Black or African American";68
"South Carolina";"Applicants";"Asian";50
"South Carolina";"Applicants";"American Indian or Alaska Native";0
"South Carolina";"Applicants";"Native Hawaiian or Other Pacific Islander";0
"South Carolina";"Applicants";"White";450
"South Carolina";"Applicants";"Other Race";0
"South Carolina";"Applicants";"No Race Response";11
"South Carolina";"Applicants";"More than One Race";12
"South Carolina";"Applicants";"Foreign";2
"South Dakota";"Applicants";"Mexican American";0
"South Dakota";"Applicants";"Puerto Rican";0
"South Dakota";"Applicants";"Cuban";0
"South Dakota";"Applicants";"Other Hispanic or Latino";2
"South Dakota";"Applicants";"Multiple Hispanic";0
"South Dakota";"Applicants";"Black or African American";1
"South Dakota";"Applicants";"Asian";8
"South Dakota";"Applicants";"American Indian or Alaska Native";1
"South Dakota";"Applicants";"Native Hawaiian or Other Pacific Islander";0
"South Dakota";"Applicants";"White";106
"South Dakota";"Applicants";"Other Race";0
"South Dakota";"Applicants";"No Race Response";1
"South Dakota";"Applicants";"More than One Race";2
"South Dakota";"Applicants";"Foreign";0
"Tennessee";"Applicants";"Mexican American";5
"Tennessee";"Applicants";"Puerto Rican";3
"Tennessee";"Applicants";"Cuban";1
"Tennessee";"Applicants";"Other Hispanic or Latino";12
"Tennessee";"Applicants";"Multiple Hispanic";2
"Tennessee";"Applicants";"Black or African American";88
"Tennessee";"Applicants";"Asian";84
"Tennessee";"Applicants";"American Indian or Alaska Native";0
"Tennessee";"Applicants";"Native Hawaiian or Other Pacific Islander";1
"Tennessee";"Applicants";"White";487
"Tennessee";"Applicants";"Other Race";0
"Tennessee";"Applicants";"No Race Response";17
"Tennessee";"Applicants";"More than One Race";19
"Tennessee";"Applicants";"Foreign";6
"Texas";"Applicants";"Mexican American";136
"Texas";"Applicants";"Puerto Rican";10
"Texas";"Applicants";"Cuban";6
"Texas";"Applicants";"Other Hispanic or Latino";390
"Texas";"Applicants";"Multiple Hispanic";11
"Texas";"Applicants";"Black or African American";318
"Texas";"Applicants";"Asian";933
"Texas";"Applicants";"American Indian or Alaska Native";10
"Texas";"Applicants";"Native Hawaiian or Other Pacific Islander";4
"Texas";"Applicants";"White";1595
"Texas";"Applicants";"Other Race";2
"Texas";"Applicants";"No Race Response";48
"Texas";"Applicants";"More than One Race";100
"Texas";"Applicants";"Foreign";50
"U.S. Territories and Possessions";"Applicants";"Mexican American";0
"U.S. Territories and Possessions";"Applicants";"Puerto Rican";0
"U.S. Territories and Possessions";"Applicants";"Cuban";0
"U.S. Territories and Possessions";"Applicants";"Other Hispanic or Latino";0
"U.S. Territories and Possessions";"Applicants";"Multiple Hispanic";0
"U.S. Territories and Possessions";"Applicants";"Black or African American";4
"U.S. Territories and Possessions";"Applicants";"Asian";3
"U.S. Territories and Possessions";"Applicants";"American Indian or Alaska Native";0
"U.S. Territories and Possessions";"Applicants";"Native Hawaiian or Other Pacific Islander";5
"U.S. Territories and Possessions";"Applicants";"White";1
"U.S. Territories and Possessions";"Applicants";"Other Race";0
"U.S. Territories and Possessions";"Applicants";"No Race Response";1
"U.S. Territories and Possessions";"Applicants";"More than One Race";6
"U.S. Territories and Possessions";"Applicants";"Foreign";0
"Unknown";"Applicants";"Mexican American";2
"Unknown";"Applicants";"Puerto Rican";2
"Unknown";"Applicants";"Cuban";0
"Unknown";"Applicants";"Other Hispanic or Latino";0
"Unknown";"Applicants";"Multiple Hispanic";0
"Unknown";"Applicants";"Black or African American";4
"Unknown";"Applicants";"Asian";8
"Unknown";"Applicants";"American Indian or Alaska Native";0
"Unknown";"Applicants";"Native Hawaiian or Other Pacific Islander";0
"Unknown";"Applicants";"White";20
"Unknown";"Applicants";"Other Race";0
"Unknown";"Applicants";"No Race Response";2
"Unknown";"Applicants";"More than One Race";3
"Unknown";"Applicants";"Foreign";0
"Utah";"Applicants";"Mexican American";7
"Utah";"Applicants";"Puerto Rican";0
"Utah";"Applicants";"Cuban";2
"Utah";"Applicants";"Other Hispanic or Latino";7
"Utah";"Applicants";"Multiple Hispanic";1
"Utah";"Applicants";"Black or African American";5
"Utah";"Applicants";"Asian";27
"Utah";"Applicants";"American Indian or Alaska Native";0
"Utah";"Applicants";"Native Hawaiian or Other Pacific Islander";1
"Utah";"Applicants";"White";390
"Utah";"Applicants";"Other Race";0
"Utah";"Applicants";"No Race Response";8
"Utah";"Applicants";"More than One Race";11
"Utah";"Applicants";"Foreign";2
"Vermont";"Applicants";"Mexican American";0
"Vermont";"Applicants";"Puerto Rican";0
"Vermont";"Applicants";"Cuban";1
"Vermont";"Applicants";"Other Hispanic or Latino";0
"Vermont";"Applicants";"Multiple Hispanic";0
"Vermont";"Applicants";"Black or African American";0
"Vermont";"Applicants";"Asian";6
"Vermont";"Applicants";"American Indian or Alaska Native";1
"Vermont";"Applicants";"Native Hawaiian or Other Pacific Islander";0
"Vermont";"Applicants";"White";90
"Vermont";"Applicants";"Other Race";0
"Vermont";"Applicants";"No Race Response";5
"Vermont";"Applicants";"More than One Race";0
"Vermont";"Applicants";"Foreign";0
"Virginia";"Applicants";"Mexican American";6
"Virginia";"Applicants";"Puerto Rican";9
"Virginia";"Applicants";"Cuban";3
"Virginia";"Applicants";"Other Hispanic or Latino";21
"Virginia";"Applicants";"Multiple Hispanic";3
"Virginia";"Applicants";"Black or African American";115
"Virginia";"Applicants";"Asian";289
"Virginia";"Applicants";"American Indian or Alaska Native";1
"Virginia";"Applicants";"Native Hawaiian or Other Pacific Islander";1
"Virginia";"Applicants";"White";540
"Virginia";"Applicants";"Other Race";1
"Virginia";"Applicants";"No Race Response";39
"Virginia";"Applicants";"More than One Race";36
"Virginia";"Applicants";"Foreign";12
"Washington";"Applicants";"Mexican American";11
"Washington";"Applicants";"Puerto Rican";1
"Washington";"Applicants";"Cuban";1
"Washington";"Applicants";"Other Hispanic or Latino";17
"Washington";"Applicants";"Multiple Hispanic";1
"Washington";"Applicants";"Black or African American";22
"Washington";"Applicants";"Asian";175
"Washington";"Applicants";"American Indian or Alaska Native";1
"Washington";"Applicants";"Native Hawaiian or Other Pacific Islander";1
"Washington";"Applicants";"White";477
"Washington";"Applicants";"Other Race";1
"Washington";"Applicants";"No Race Response";27
"Washington";"Applicants";"More than One Race";42
"Washington";"Applicants";"Foreign";3
"West Virginia";"Applicants";"Mexican American";0
"West Virginia";"Applicants";"Puerto Rican";1
"West Virginia";"Applicants";"Cuban";2
"West Virginia";"Applicants";"Other Hispanic or Latino";3
"West Virginia";"Applicants";"Multiple Hispanic";0
"West Virginia";"Applicants";"Black or African American";6
"West Virginia";"Applicants";"Asian";21
"West Virginia";"Applicants";"American Indian or Alaska Native";1
"West Virginia";"Applicants";"Native Hawaiian or Other Pacific Islander";0
"West Virginia";"Applicants";"White";169
"West Virginia";"Applicants";"Other Race";0
"West Virginia";"Applicants";"No Race Response";6
"West Virginia";"Applicants";"More than One Race";6
"West Virginia";"Applicants";"Foreign";0
"Wisconsin";"Applicants";"Mexican American";15
"Wisconsin";"Applicants";"Puerto Rican";2
"Wisconsin";"Applicants";"Cuban";0
"Wisconsin";"Applicants";"Other Hispanic or Latino";7
"Wisconsin";"Applicants";"Multiple Hispanic";0
"Wisconsin";"Applicants";"Black or African American";24
"Wisconsin";"Applicants";"Asian";67
"Wisconsin";"Applicants";"American Indian or Alaska Native";3
"Wisconsin";"Applicants";"Native Hawaiian or Other Pacific Islander";0
"Wisconsin";"Applicants";"White";602
"Wisconsin";"Applicants";"Other Race";0
"Wisconsin";"Applicants";"No Race Response";14
"Wisconsin";"Applicants";"More than One Race";12
"Wisconsin";"Applicants";"Foreign";2
"Wyoming";"Applicants";"Mexican American";4
"Wyoming";"Applicants";"Puerto Rican";0
"Wyoming";"Applicants";"Cuban";0
"Wyoming";"Applicants";"Other Hispanic or Latino";1
"Wyoming";"Applicants";"Multiple Hispanic";0
"Wyoming";"Applicants";"Black or African American";1
"Wyoming";"Applicants";"Asian";1
"Wyoming";"Applicants";"American Indian or Alaska Native";0
"Wyoming";"Applicants";"Native Hawaiian or Other Pacific Islander";0
"Wyoming";"Applicants";"White";51
"Wyoming";"Applicants";"Other Race";0
"Wyoming";"Applicants";"No Race Response";1
"Wyoming";"Applicants";"More than One Race";1
"Wyoming";"Applicants";"Foreign";0
"Alabama";"Matriculants";"Mexican American";3
"Alabama";"Matriculants";"Puerto Rican";0
"Alabama";"Matriculants";"Cuban";2
"Alabama";"Matriculants";"Other Hispanic or Latino";3
"Alabama";"Matriculants";"Multiple Hispanic";0
"Alabama";"Matriculants";"Black or African American";21
"Alabama";"Matriculants";"Asian";28
"Alabama";"Matriculants";"American Indian or Alaska Native";0
"Alabama";"Matriculants";"Native Hawaiian or Other Pacific Islander";0
"Alabama";"Matriculants";"White";181
"Alabama";"Matriculants";"Other Race";0
"Alabama";"Matriculants";"No Race Response";8
"Alabama";"Matriculants";"More than One Race";4
"Alabama";"Matriculants";"Foreign";1
"Alaska";"Matriculants";"Mexican American";2
"Alaska";"Matriculants";"Puerto Rican";1
"Alaska";"Matriculants";"Cuban";0
"Alaska";"Matriculants";"Other Hispanic or Latino";1
"Alaska";"Matriculants";"Multiple Hispanic";1
"Alaska";"Matriculants";"Black or African American";0
"Alaska";"Matriculants";"Asian";0
"Alaska";"Matriculants";"American Indian or Alaska Native";4
"Alaska";"Matriculants";"Native Hawaiian or Other Pacific Islander";0
"Alaska";"Matriculants";"White";23
"Alaska";"Matriculants";"Other Race";0
"Alaska";"Matriculants";"No Race Response";0
"Alaska";"Matriculants";"More than One Race";2
"Alaska";"Matriculants";"Foreign";0
"Arizona";"Matriculants";"Mexican American";20
"Arizona";"Matriculants";"Puerto Rican";3
"Arizona";"Matriculants";"Cuban";0
"Arizona";"Matriculants";"Other Hispanic or Latino";9
"Arizona";"Matriculants";"Multiple Hispanic";0
"Arizona";"Matriculants";"Black or African American";9
"Arizona";"Matriculants";"Asian";40
"Arizona";"Matriculants";"American Indian or Alaska Native";1
"Arizona";"Matriculants";"Native Hawaiian or Other Pacific Islander";0
"Arizona";"Matriculants";"White";137
"Arizona";"Matriculants";"Other Race";0
"Arizona";"Matriculants";"No Race Response";7
"Arizona";"Matriculants";"More than One Race";10
"Arizona";"Matriculants";"Foreign";1
"Arkansas";"Matriculants";"Mexican American";2
"Arkansas";"Matriculants";"Puerto Rican";1
"Arkansas";"Matriculants";"Cuban";0
"Arkansas";"Matriculants";"Other Hispanic or Latino";1
"Arkansas";"Matriculants";"Multiple Hispanic";0
"Arkansas";"Matriculants";"Black or African American";10
"Arkansas";"Matriculants";"Asian";16
"Arkansas";"Matriculants";"American Indian or Alaska Native";0
"Arkansas";"Matriculants";"Native Hawaiian or Other Pacific Islander";1
"Arkansas";"Matriculants";"White";124
"Arkansas";"Matriculants";"Other Race";0
"Arkansas";"Matriculants";"No Race Response";7
"Arkansas";"Matriculants";"More than One Race";3
"Arkansas";"Matriculants";"Foreign";0
"California";"Matriculants";"Mexican American";139
"California";"Matriculants";"Puerto Rican";8
"California";"Matriculants";"Cuban";6
"California";"Matriculants";"Other Hispanic or Latino";99
"California";"Matriculants";"Multiple Hispanic";6
"California";"Matriculants";"Black or African American";81
"California";"Matriculants";"Asian";893
"California";"Matriculants";"American Indian or Alaska Native";2
"California";"Matriculants";"Native Hawaiian or Other Pacific Islander";7
"California";"Matriculants";"White";803
"California";"Matriculants";"Other Race";1
"California";"Matriculants";"No Race Response";92
"California";"Matriculants";"More than One Race";114
"California";"Matriculants";"Foreign";7
"Colorado";"Matriculants";"Mexican American";13
"Colorado";"Matriculants";"Puerto Rican";3
"Colorado";"Matriculants";"Cuban";1
"Colorado";"Matriculants";"Other Hispanic or Latino";11
"Colorado";"Matriculants";"Multiple Hispanic";1
"Colorado";"Matriculants";"Black or African American";4
"Colorado";"Matriculants";"Asian";22
"Colorado";"Matriculants";"American Indian or Alaska Native";0
"Colorado";"Matriculants";"Native Hawaiian or Other Pacific Islander";0
"Colorado";"Matriculants";"White";179
"Colorado";"Matriculants";"Other Race";0
"Colorado";"Matriculants";"No Race Response";7
"Colorado";"Matriculants";"More than One Race";13
"Colorado";"Matriculants";"Foreign";1
"Connecticut";"Matriculants";"Mexican American";2
"Connecticut";"Matriculants";"Puerto Rican";4
"Connecticut";"Matriculants";"Cuban";2
"Connecticut";"Matriculants";"Other Hispanic or Latino";7
"Connecticut";"Matriculants";"Multiple Hispanic";1
"Connecticut";"Matriculants";"Black or African American";15
"Connecticut";"Matriculants";"Asian";28
"Connecticut";"Matriculants";"American Indian or Alaska Native";1
"Connecticut";"Matriculants";"Native Hawaiian or Other Pacific Islander";0
"Connecticut";"Matriculants";"White";150
"Connecticut";"Matriculants";"Other Race";0
"Connecticut";"Matriculants";"No Race Response";12
"Connecticut";"Matriculants";"More than One Race";10
"Connecticut";"Matriculants";"Foreign";2
"Delaware";"Matriculants";"Mexican American";0
"Delaware";"Matriculants";"Puerto Rican";0
"Delaware";"Matriculants";"Cuban";0
"Delaware";"Matriculants";"Other Hispanic or Latino";0
"Delaware";"Matriculants";"Multiple Hispanic";0
"Delaware";"Matriculants";"Black or African American";5
"Delaware";"Matriculants";"Asian";10
"Delaware";"Matriculants";"American Indian or Alaska Native";0
"Delaware";"Matriculants";"Native Hawaiian or Other Pacific Islander";0
"Delaware";"Matriculants";"White";21
"Delaware";"Matriculants";"Other Race";0
"Delaware";"Matriculants";"No Race Response";3
"Delaware";"Matriculants";"More than One Race";0
"Delaware";"Matriculants";"Foreign";0
"District of Columbia";"Matriculants";"Mexican American";1
"District of Columbia";"Matriculants";"Puerto Rican";0
"District of Columbia";"Matriculants";"Cuban";0
"District of Columbia";"Matriculants";"Other Hispanic or Latino";0
"District of Columbia";"Matriculants";"Multiple Hispanic";0
"District of Columbia";"Matriculants";"Black or African American";5
"District of Columbia";"Matriculants";"Asian";4
"District of Columbia";"Matriculants";"American Indian or Alaska Native";0
"District of Columbia";"Matriculants";"Native Hawaiian or Other Pacific Islander";0
"District of Columbia";"Matriculants";"White";22
"District of Columbia";"Matriculants";"Other Race";0
"District of Columbia";"Matriculants";"No Race Response";2
"District of Columbia";"Matriculants";"More than One Race";1
"District of Columbia";"Matriculants";"Foreign";4
"Florida";"Matriculants";"Mexican American";7
"Florida";"Matriculants";"Puerto Rican";23
"Florida";"Matriculants";"Cuban";85
"Florida";"Matriculants";"Other Hispanic or Latino";89
"Florida";"Matriculants";"Multiple Hispanic";15
"Florida";"Matriculants";"Black or African American";90
"Florida";"Matriculants";"Asian";170
"Florida";"Matriculants";"American Indian or Alaska Native";0
"Florida";"Matriculants";"Native Hawaiian or Other Pacific Islander";2
"Florida";"Matriculants";"White";467
"Florida";"Matriculants";"Other Race";0
"Florida";"Matriculants";"No Race Response";20
"Florida";"Matriculants";"More than One Race";26
"Florida";"Matriculants";"Foreign";5
"Georgia";"Matriculants";"Mexican American";5
"Georgia";"Matriculants";"Puerto Rican";5
"Georgia";"Matriculants";"Cuban";1
"Georgia";"Matriculants";"Other Hispanic or Latino";13
"Georgia";"Matriculants";"Multiple Hispanic";1
"Georgia";"Matriculants";"Black or African American";81
"Georgia";"Matriculants";"Asian";96
"Georgia";"Matriculants";"American Indian or Alaska Native";0
"Georgia";"Matriculants";"Native Hawaiian or Other Pacific Islander";0
"Georgia";"Matriculants";"White";314
"Georgia";"Matriculants";"Other Race";0
"Georgia";"Matriculants";"No Race Response";17
"Georgia";"Matriculants";"More than One Race";14
"Georgia";"Matriculants";"Foreign";3
"Hawaii";"Matriculants";"Mexican American";4
"Hawaii";"Matriculants";"Puerto Rican";1
"Hawaii";"Matriculants";"Cuban";0
"Hawaii";"Matriculants";"Other Hispanic or Latino";2
"Hawaii";"Matriculants";"Multiple Hispanic";0
"Hawaii";"Matriculants";"Black or African American";0
"Hawaii";"Matriculants";"Asian";41
"Hawaii";"Matriculants";"American Indian or Alaska Native";0
"Hawaii";"Matriculants";"Native Hawaiian or Other Pacific Islander";1
"Hawaii";"Matriculants";"White";12
"Hawaii";"Matriculants";"Other Race";0
"Hawaii";"Matriculants";"No Race Response";0
"Hawaii";"Matriculants";"More than One Race";19
"Hawaii";"Matriculants";"Foreign";0
"Idaho";"Matriculants";"Mexican American";2
"Idaho";"Matriculants";"Puerto Rican";1
"Idaho";"Matriculants";"Cuban";0
"Idaho";"Matriculants";"Other Hispanic or Latino";1
"Idaho";"Matriculants";"Multiple Hispanic";0
"Idaho";"Matriculants";"Black or African American";0
"Idaho";"Matriculants";"Asian";0
"Idaho";"Matriculants";"American Indian or Alaska Native";1
"Idaho";"Matriculants";"Native Hawaiian or Other Pacific Islander";0
"Idaho";"Matriculants";"White";50
"Idaho";"Matriculants";"Other Race";0
"Idaho";"Matriculants";"No Race Response";2
"Idaho";"Matriculants";"More than One Race";5
"Idaho";"Matriculants";"Foreign";0
"Illinois";"Matriculants";"Mexican American";21
"Illinois";"Matriculants";"Puerto Rican";3
"Illinois";"Matriculants";"Cuban";3
"Illinois";"Matriculants";"Other Hispanic or Latino";23
"Illinois";"Matriculants";"Multiple Hispanic";2
"Illinois";"Matriculants";"Black or African American";72
"Illinois";"Matriculants";"Asian";223
"Illinois";"Matriculants";"American Indian or Alaska Native";1
"Illinois";"Matriculants";"Native Hawaiian or Other Pacific Islander";2
"Illinois";"Matriculants";"White";524
"Illinois";"Matriculants";"Other Race";1
"Illinois";"Matriculants";"No Race Response";34
"Illinois";"Matriculants";"More than One Race";21
"Illinois";"Matriculants";"Foreign";1
"Indiana";"Matriculants";"Mexican American";8
"Indiana";"Matriculants";"Puerto Rican";1
"Indiana";"Matriculants";"Cuban";2
"Indiana";"Matriculants";"Other Hispanic or Latino";5
"Indiana";"Matriculants";"Multiple Hispanic";0
"Indiana";"Matriculants";"Black or African American";20
"Indiana";"Matriculants";"Asian";42
"Indiana";"Matriculants";"American Indian or Alaska Native";0
"Indiana";"Matriculants";"Native Hawaiian or Other Pacific Islander";0
"Indiana";"Matriculants";"White";265
"Indiana";"Matriculants";"Other Race";0
"Indiana";"Matriculants";"No Race Response";8
"Indiana";"Matriculants";"More than One Race";4
"Indiana";"Matriculants";"Foreign";0
"Iowa";"Matriculants";"Mexican American";2
"Iowa";"Matriculants";"Puerto Rican";1
"Iowa";"Matriculants";"Cuban";0
"Iowa";"Matriculants";"Other Hispanic or Latino";1
"Iowa";"Matriculants";"Multiple Hispanic";0
"Iowa";"Matriculants";"Black or African American";4
"Iowa";"Matriculants";"Asian";20
"Iowa";"Matriculants";"American Indian or Alaska Native";0
"Iowa";"Matriculants";"Native Hawaiian or Other Pacific Islander";0
"Iowa";"Matriculants";"White";113
"Iowa";"Matriculants";"Other Race";0
"Iowa";"Matriculants";"No Race Response";5
"Iowa";"Matriculants";"More than One Race";4
"Iowa";"Matriculants";"Foreign";1
"Kansas";"Matriculants";"Mexican American";8
"Kansas";"Matriculants";"Puerto Rican";0
"Kansas";"Matriculants";"Cuban";2
"Kansas";"Matriculants";"Other Hispanic or Latino";3
"Kansas";"Matriculants";"Multiple Hispanic";0
"Kansas";"Matriculants";"Black or African American";6
"Kansas";"Matriculants";"Asian";22
"Kansas";"Matriculants";"American Indian or Alaska Native";0
"Kansas";"Matriculants";"Native Hawaiian or Other Pacific Islander";0
"Kansas";"Matriculants";"White";167
"Kansas";"Matriculants";"Other Race";0
"Kansas";"Matriculants";"No Race Response";4
"Kansas";"Matriculants";"More than One Race";8
"Kansas";"Matriculants";"Foreign";0
"Kentucky";"Matriculants";"Mexican American";1
"Kentucky";"Matriculants";"Puerto Rican";1
"Kentucky";"Matriculants";"Cuban";0
"Kentucky";"Matriculants";"Other Hispanic or Latino";2
"Kentucky";"Matriculants";"Multiple Hispanic";0
"Kentucky";"Matriculants";"Black or African American";7
"Kentucky";"Matriculants";"Asian";22
"Kentucky";"Matriculants";"American Indian or Alaska Native";0
"Kentucky";"Matriculants";"Native Hawaiian or Other Pacific Islander";0
"Kentucky";"Matriculants";"White";201
"Kentucky";"Matriculants";"Other Race";0
"Kentucky";"Matriculants";"No Race Response";2
"Kentucky";"Matriculants";"More than One Race";4
"Kentucky";"Matriculants";"Foreign";1
"Louisiana";"Matriculants";"Mexican American";0
"Louisiana";"Matriculants";"Puerto Rican";0
"Louisiana";"Matriculants";"Cuban";1
"Louisiana";"Matriculants";"Other Hispanic or Latino";10
"Louisiana";"Matriculants";"Multiple Hispanic";1
"Louisiana";"Matriculants";"Black or African American";27
"Louisiana";"Matriculants";"Asian";37
"Louisiana";"Matriculants";"American Indian or Alaska Native";0
"Louisiana";"Matriculants";"Native Hawaiian or Other Pacific Islander";0
"Louisiana";"Matriculants";"White";271
"Louisiana";"Matriculants";"Other Race";0
"Louisiana";"Matriculants";"No Race Response";10
"Louisiana";"Matriculants";"More than One Race";7
"Louisiana";"Matriculants";"Foreign";0
"Maine";"Matriculants";"Mexican American";0
"Maine";"Matriculants";"Puerto Rican";0
"Maine";"Matriculants";"Cuban";0
"Maine";"Matriculants";"Other Hispanic or Latino";1
"Maine";"Matriculants";"Multiple Hispanic";2
"Maine";"Matriculants";"Black or African American";1
"Maine";"Matriculants";"Asian";2
"Maine";"Matriculants";"American Indian or Alaska Native";0
"Maine";"Matriculants";"Native Hawaiian or Other Pacific Islander";0
"Maine";"Matriculants";"White";42
"Maine";"Matriculants";"Other Race";0
"Maine";"Matriculants";"No Race Response";1
"Maine";"Matriculants";"More than One Race";0
"Maine";"Matriculants";"Foreign";0
"Maryland";"Matriculants";"Mexican American";5
"Maryland";"Matriculants";"Puerto Rican";2
"Maryland";"Matriculants";"Cuban";3
"Maryland";"Matriculants";"Other Hispanic or Latino";15
"Maryland";"Matriculants";"Multiple Hispanic";1
"Maryland";"Matriculants";"Black or African American";74
"Maryland";"Matriculants";"Asian";134
"Maryland";"Matriculants";"American Indian or Alaska Native";1
"Maryland";"Matriculants";"Native Hawaiian or Other Pacific Islander";0
"Maryland";"Matriculants";"White";214
"Maryland";"Matriculants";"Other Race";1
"Maryland";"Matriculants";"No Race Response";12
"Maryland";"Matriculants";"More than One Race";11
"Maryland";"Matriculants";"Foreign";7
"Massachusetts";"Matriculants";"Mexican American";2
"Massachusetts";"Matriculants";"Puerto Rican";2
"Massachusetts";"Matriculants";"Cuban";1
"Massachusetts";"Matriculants";"Other Hispanic or Latino";8
"Massachusetts";"Matriculants";"Multiple Hispanic";1
"Massachusetts";"Matriculants";"Black or African American";13
"Massachusetts";"Matriculants";"Asian";99
"Massachusetts";"Matriculants";"American Indian or Alaska Native";0
"Massachusetts";"Matriculants";"Native Hawaiian or Other Pacific Islander";0
"Massachusetts";"Matriculants";"White";322
"Massachusetts";"Matriculants";"Other Race";0
"Massachusetts";"Matriculants";"No Race Response";24
"Massachusetts";"Matriculants";"More than One Race";18
"Massachusetts";"Matriculants";"Foreign";12
"Michigan";"Matriculants";"Mexican American";8
"Michigan";"Matriculants";"Puerto Rican";0
"Michigan";"Matriculants";"Cuban";1
"Michigan";"Matriculants";"Other Hispanic or Latino";8
"Michigan";"Matriculants";"Multiple Hispanic";1
"Michigan";"Matriculants";"Black or African American";40
"Michigan";"Matriculants";"Asian";144
"Michigan";"Matriculants";"American Indian or Alaska Native";2
"Michigan";"Matriculants";"Native Hawaiian or Other Pacific Islander";1
"Michigan";"Matriculants";"White";496
"Michigan";"Matriculants";"Other Race";0
"Michigan";"Matriculants";"No Race Response";22
"Michigan";"Matriculants";"More than One Race";16
"Michigan";"Matriculants";"Foreign";2
"Minnesota";"Matriculants";"Mexican American";3
"Minnesota";"Matriculants";"Puerto Rican";0
"Minnesota";"Matriculants";"Cuban";0
"Minnesota";"Matriculants";"Other Hispanic or Latino";1
"Minnesota";"Matriculants";"Multiple Hispanic";0
"Minnesota";"Matriculants";"Black or African American";21
"Minnesota";"Matriculants";"Asian";30
"Minnesota";"Matriculants";"American Indian or Alaska Native";1
"Minnesota";"Matriculants";"Native Hawaiian or Other Pacific Islander";0
"Minnesota";"Matriculants";"White";312
"Minnesota";"Matriculants";"Other Race";0
"Minnesota";"Matriculants";"No Race Response";10
"Minnesota";"Matriculants";"More than One Race";7
"Minnesota";"Matriculants";"Foreign";0
"Mississippi";"Matriculants";"Mexican American";0
"Mississippi";"Matriculants";"Puerto Rican";1
"Mississippi";"Matriculants";"Cuban";0
"Mississippi";"Matriculants";"Other Hispanic or Latino";2
"Mississippi";"Matriculants";"Multiple Hispanic";0
"Mississippi";"Matriculants";"Black or African American";22
"Mississippi";"Matriculants";"Asian";15
"Mississippi";"Matriculants";"American Indian or Alaska Native";0
"Mississippi";"Matriculants";"Native Hawaiian or Other Pacific Islander";0
"Mississippi";"Matriculants";"White";112
"Mississippi";"Matriculants";"Other Race";0
"Mississippi";"Matriculants";"No Race Response";2
"Mississippi";"Matriculants";"More than One Race";3
"Mississippi";"Matriculants";"Foreign";1
"Missouri";"Matriculants";"Mexican American";1
"Missouri";"Matriculants";"Puerto Rican";0
"Missouri";"Matriculants";"Cuban";0
"Missouri";"Matriculants";"Other Hispanic or Latino";2
"Missouri";"Matriculants";"Multiple Hispanic";0
"Missouri";"Matriculants";"Black or African American";15
"Missouri";"Matriculants";"Asian";47
"Missouri";"Matriculants";"American Indian or Alaska Native";1
"Missouri";"Matriculants";"Native Hawaiian or Other Pacific Islander";0
"Missouri";"Matriculants";"White";225
"Missouri";"Matriculants";"Other Race";0
"Missouri";"Matriculants";"No Race Response";14
"Missouri";"Matriculants";"More than One Race";8
"Missouri";"Matriculants";"Foreign";0
"Montana";"Matriculants";"Mexican American";1
"Montana";"Matriculants";"Puerto Rican";1
"Montana";"Matriculants";"Cuban";1
"Montana";"Matriculants";"Other Hispanic or Latino";0
"Montana";"Matriculants";"Multiple Hispanic";0
"Montana";"Matriculants";"Black or African American";0
"Montana";"Matriculants";"Asian";1
"Montana";"Matriculants";"American Indian or Alaska Native";0
"Montana";"Matriculants";"Native Hawaiian or Other Pacific Islander";0
"Montana";"Matriculants";"White";48
"Montana";"Matriculants";"Other Race";0
"Montana";"Matriculants";"No Race Response";1
"Montana";"Matriculants";"More than One Race";0
"Montana";"Matriculants";"Foreign";0
"Nebraska";"Matriculants";"Mexican American";0
"Nebraska";"Matriculants";"Puerto Rican";0
"Nebraska";"Matriculants";"Cuban";1
"Nebraska";"Matriculants";"Other Hispanic or Latino";1
"Nebraska";"Matriculants";"Multiple Hispanic";1
"Nebraska";"Matriculants";"Black or African American";4
"Nebraska";"Matriculants";"Asian";15
"Nebraska";"Matriculants";"American Indian or Alaska Native";0
"Nebraska";"Matriculants";"Native Hawaiian or Other Pacific Islander";0
"Nebraska";"Matriculants";"White";121
"Nebraska";"Matriculants";"Other Race";0
"Nebraska";"Matriculants";"No Race Response";4
"Nebraska";"Matriculants";"More than One Race";3
"Nebraska";"Matriculants";"Foreign";1
"Nevada";"Matriculants";"Mexican American";7
"Nevada";"Matriculants";"Puerto Rican";3
"Nevada";"Matriculants";"Cuban";1
"Nevada";"Matriculants";"Other Hispanic or Latino";2
"Nevada";"Matriculants";"Multiple Hispanic";0
"Nevada";"Matriculants";"Black or African American";2
"Nevada";"Matriculants";"Asian";20
"Nevada";"Matriculants";"American Indian or Alaska Native";0
"Nevada";"Matriculants";"Native Hawaiian or Other Pacific Islander";1
"Nevada";"Matriculants";"White";47
"Nevada";"Matriculants";"Other Race";0
"Nevada";"Matriculants";"No Race Response";4
"Nevada";"Matriculants";"More than One Race";5
"Nevada";"Matriculants";"Foreign";0
"New Hampshire";"Matriculants";"Mexican American";1
"New Hampshire";"Matriculants";"Puerto Rican";0
"New Hampshire";"Matriculants";"Cuban";1
"New Hampshire";"Matriculants";"Other Hispanic or Latino";0
"New Hampshire";"Matriculants";"Multiple Hispanic";0
"New Hampshire";"Matriculants";"Black or African American";2
"New Hampshire";"Matriculants";"Asian";2
"New Hampshire";"Matriculants";"American Indian or Alaska Native";0
"New Hampshire";"Matriculants";"Native Hawaiian or Other Pacific Islander";0
"New Hampshire";"Matriculants";"White";36
"New Hampshire";"Matriculants";"Other Race";0
"New Hampshire";"Matriculants";"No Race Response";0
"New Hampshire";"Matriculants";"More than One Race";1
"New Hampshire";"Matriculants";"Foreign";1
"New Jersey";"Matriculants";"Mexican American";4
"New Jersey";"Matriculants";"Puerto Rican";5
"New Jersey";"Matriculants";"Cuban";7
"New Jersey";"Matriculants";"Other Hispanic or Latino";29
"New Jersey";"Matriculants";"Multiple Hispanic";3
"New Jersey";"Matriculants";"Black or African American";41
"New Jersey";"Matriculants";"Asian";228
"New Jersey";"Matriculants";"American Indian or Alaska Native";0
"New Jersey";"Matriculants";"Native Hawaiian or Other Pacific Islander";0
"New Jersey";"Matriculants";"White";317
"New Jersey";"Matriculants";"Other Race";0
"New Jersey";"Matriculants";"No Race Response";36
"New Jersey";"Matriculants";"More than One Race";17
"New Jersey";"Matriculants";"Foreign";0
"New Mexico";"Matriculants";"Mexican American";23
"New Mexico";"Matriculants";"Puerto Rican";1
"New Mexico";"Matriculants";"Cuban";0
"New Mexico";"Matriculants";"Other Hispanic or Latino";14
"New Mexico";"Matriculants";"Multiple Hispanic";2
"New Mexico";"Matriculants";"Black or African American";2
"New Mexico";"Matriculants";"Asian";10
"New Mexico";"Matriculants";"American Indian or Alaska Native";2
"New Mexico";"Matriculants";"Native Hawaiian or Other Pacific Islander";0
"New Mexico";"Matriculants";"White";49
"New Mexico";"Matriculants";"Other Race";0
"New Mexico";"Matriculants";"No Race Response";5
"New Mexico";"Matriculants";"More than One Race";3
"New Mexico";"Matriculants";"Foreign";1
"New York";"Matriculants";"Mexican American";10
"New York";"Matriculants";"Puerto Rican";17
"New York";"Matriculants";"Cuban";5
"New York";"Matriculants";"Other Hispanic or Latino";54
"New York";"Matriculants";"Multiple Hispanic";10
"New York";"Matriculants";"Black or African American";122
"New York";"Matriculants";"Asian";301
"New York";"Matriculants";"American Indian or Alaska Native";1
"New York";"Matriculants";"Native Hawaiian or Other Pacific Islander";0
"New York";"Matriculants";"White";797
"New York";"Matriculants";"Other Race";1
"New York";"Matriculants";"No Race Response";78
"New York";"Matriculants";"More than One Race";24
"New York";"Matriculants";"Foreign";5
"North Carolina";"Matriculants";"Mexican American";6
"North Carolina";"Matriculants";"Puerto Rican";1
"North Carolina";"Matriculants";"Cuban";3
"North Carolina";"Matriculants";"Other Hispanic or Latino";9
"North Carolina";"Matriculants";"Multiple Hispanic";0
"North Carolina";"Matriculants";"Black or African American";42
"North Carolina";"Matriculants";"Asian";71
"North Carolina";"Matriculants";"American Indian or Alaska Native";1
"North Carolina";"Matriculants";"Native Hawaiian or Other Pacific Islander";0
"North Carolina";"Matriculants";"White";262
"North Carolina";"Matriculants";"Other Race";0
"North Carolina";"Matriculants";"No Race Response";18
"North Carolina";"Matriculants";"More than One Race";19
"North Carolina";"Matriculants";"Foreign";0
"North Dakota";"Matriculants";"Mexican American";1
"North Dakota";"Matriculants";"Puerto Rican";0
"North Dakota";"Matriculants";"Cuban";0
"North Dakota";"Matriculants";"Other Hispanic or Latino";0
"North Dakota";"Matriculants";"Multiple Hispanic";0
"North Dakota";"Matriculants";"Black or African American";0
"North Dakota";"Matriculants";"Asian";1
"North Dakota";"Matriculants";"American Indian or Alaska Native";4
"North Dakota";"Matriculants";"Native Hawaiian or Other Pacific Islander";0
"North Dakota";"Matriculants";"White";50
"North Dakota";"Matriculants";"Other Race";0
"North Dakota";"Matriculants";"No Race Response";0
"North Dakota";"Matriculants";"More than One Race";2
"North Dakota";"Matriculants";"Foreign";0
"Ohio";"Matriculants";"Mexican American";3
"Ohio";"Matriculants";"Puerto Rican";4
"Ohio";"Matriculants";"Cuban";1
"Ohio";"Matriculants";"Other Hispanic or Latino";5
"Ohio";"Matriculants";"Multiple Hispanic";1
"Ohio";"Matriculants";"Black or African American";33
"Ohio";"Matriculants";"Asian";138
"Ohio";"Matriculants";"American Indian or Alaska Native";0
"Ohio";"Matriculants";"Native Hawaiian or Other Pacific Islander";0
"Ohio";"Matriculants";"White";508
"Ohio";"Matriculants";"Other Race";0
"Ohio";"Matriculants";"No Race Response";33
"Ohio";"Matriculants";"More than One Race";21
"Ohio";"Matriculants";"Foreign";4
"Oklahoma";"Matriculants";"Mexican American";2
"Oklahoma";"Matriculants";"Puerto Rican";0
"Oklahoma";"Matriculants";"Cuban";0
"Oklahoma";"Matriculants";"Other Hispanic or Latino";2
"Oklahoma";"Matriculants";"Multiple Hispanic";0
"Oklahoma";"Matriculants";"Black or African American";2
"Oklahoma";"Matriculants";"Asian";30
"Oklahoma";"Matriculants";"American Indian or Alaska Native";9
"Oklahoma";"Matriculants";"Native Hawaiian or Other Pacific Islander";0
"Oklahoma";"Matriculants";"White";112
"Oklahoma";"Matriculants";"Other Race";0
"Oklahoma";"Matriculants";"No Race Response";1
"Oklahoma";"Matriculants";"More than One Race";18
"Oklahoma";"Matriculants";"Foreign";1
"Oregon";"Matriculants";"Mexican American";3
"Oregon";"Matriculants";"Puerto Rican";0
"Oregon";"Matriculants";"Cuban";0
"Oregon";"Matriculants";"Other Hispanic or Latino";3
"Oregon";"Matriculants";"Multiple Hispanic";1
"Oregon";"Matriculants";"Black or African American";1
"Oregon";"Matriculants";"Asian";29
"Oregon";"Matriculants";"American Indian or Alaska Native";0
"Oregon";"Matriculants";"Native Hawaiian or Other Pacific Islander";2
"Oregon";"Matriculants";"White";137
"Oregon";"Matriculants";"Other Race";0
"Oregon";"Matriculants";"No Race Response";3
"Oregon";"Matriculants";"More than One Race";6
"Oregon";"Matriculants";"Foreign";0
"Pennsylvania";"Matriculants";"Mexican American";4
"Pennsylvania";"Matriculants";"Puerto Rican";5
"Pennsylvania";"Matriculants";"Cuban";2
"Pennsylvania";"Matriculants";"Other Hispanic or Latino";11
"Pennsylvania";"Matriculants";"Multiple Hispanic";1
"Pennsylvania";"Matriculants";"Black or African American";36
"Pennsylvania";"Matriculants";"Asian";133
"Pennsylvania";"Matriculants";"American Indian or Alaska Native";0
"Pennsylvania";"Matriculants";"Native Hawaiian or Other Pacific Islander";0
"Pennsylvania";"Matriculants";"White";529
"Pennsylvania";"Matriculants";"Other Race";0
"Pennsylvania";"Matriculants";"No Race Response";25
"Pennsylvania";"Matriculants";"More than One Race";15
"Pennsylvania";"Matriculants";"Foreign";5
"Puerto Rico";"Matriculants";"Mexican American";0
"Puerto Rico";"Matriculants";"Puerto Rican";242
"Puerto Rico";"Matriculants";"Cuban";1
"Puerto Rico";"Matriculants";"Other Hispanic or Latino";6
"Puerto Rico";"Matriculants";"Multiple Hispanic";7
"Puerto Rico";"Matriculants";"Black or African American";1
"Puerto Rico";"Matriculants";"Asian";1
"Puerto Rico";"Matriculants";"American Indian or Alaska Native";0
"Puerto Rico";"Matriculants";"Native Hawaiian or Other Pacific Islander";0
"Puerto Rico";"Matriculants";"White";1
"Puerto Rico";"Matriculants";"Other Race";0
"Puerto Rico";"Matriculants";"No Race Response";1
"Puerto Rico";"Matriculants";"More than One Race";0
"Puerto Rico";"Matriculants";"Foreign";0
"Residence is Foreign";"Matriculants";"Mexican American";0
"Residence is Foreign";"Matriculants";"Puerto Rican";0
"Residence is Foreign";"Matriculants";"Cuban";0
"Residence is Foreign";"Matriculants";"Other Hispanic or Latino";0
"Residence is Foreign";"Matriculants";"Multiple Hispanic";0
"Residence is Foreign";"Matriculants";"Black or African American";0
"Residence is Foreign";"Matriculants";"Asian";2
"Residence is Foreign";"Matriculants";"American Indian or Alaska Native";0
"Residence is Foreign";"Matriculants";"Native Hawaiian or Other Pacific Islander";0
"Residence is Foreign";"Matriculants";"White";8
"Residence is Foreign";"Matriculants";"Other Race";0
"Residence is Foreign";"Matriculants";"No Race Response";0
"Residence is Foreign";"Matriculants";"More than One Race";0
"Residence is Foreign";"Matriculants";"Foreign";145
"Rhode Island";"Matriculants";"Mexican American";0
"Rhode Island";"Matriculants";"Puerto Rican";2
"Rhode Island";"Matriculants";"Cuban";0
"Rhode Island";"Matriculants";"Other Hispanic or Latino";0
"Rhode Island";"Matriculants";"Multiple Hispanic";0
"Rhode Island";"Matriculants";"Black or African American";3
"Rhode Island";"Matriculants";"Asian";5
"Rhode Island";"Matriculants";"American Indian or Alaska Native";0
"Rhode Island";"Matriculants";"Native Hawaiian or Other Pacific Islander";0
"Rhode Island";"Matriculants";"White";21
"Rhode Island";"Matriculants";"Other Race";0
"Rhode Island";"Matriculants";"No Race Response";4
"Rhode Island";"Matriculants";"More than One Race";1
"Rhode Island";"Matriculants";"Foreign";0
"South Carolina";"Matriculants";"Mexican American";2
"South Carolina";"Matriculants";"Puerto Rican";4
"South Carolina";"Matriculants";"Cuban";1
"South Carolina";"Matriculants";"Other Hispanic or Latino";3
"South Carolina";"Matriculants";"Multiple Hispanic";0
"South Carolina";"Matriculants";"Black or African American";30
"South Carolina";"Matriculants";"Asian";21
"South Carolina";"Matriculants";"American Indian or Alaska Native";0
"South Carolina";"Matriculants";"Native Hawaiian or Other Pacific Islander";0
"South Carolina";"Matriculants";"White";185
"South Carolina";"Matriculants";"Other Race";0
"South Carolina";"Matriculants";"No Race Response";4
"South Carolina";"Matriculants";"More than One Race";4
"South Carolina";"Matriculants";"Foreign";1
"South Dakota";"Matriculants";"Mexican American";0
"South Dakota";"Matriculants";"Puerto Rican";0
"South Dakota";"Matriculants";"Cuban";0
"South Dakota";"Matriculants";"Other Hispanic or Latino";2
"South Dakota";"Matriculants";"Multiple Hispanic";0
"South Dakota";"Matriculants";"Black or African American";1
"South Dakota";"Matriculants";"Asian";3
"South Dakota";"Matriculants";"American Indian or Alaska Native";0
"South Dakota";"Matriculants";"Native Hawaiian or Other Pacific Islander";0
"South Dakota";"Matriculants";"White";55
"South Dakota";"Matriculants";"Other Race";0
"South Dakota";"Matriculants";"No Race Response";1
"South Dakota";"Matriculants";"More than One Race";1
"South Dakota";"Matriculants";"Foreign";0
"Tennessee";"Matriculants";"Mexican American";3
"Tennessee";"Matriculants";"Puerto Rican";0
"Tennessee";"Matriculants";"Cuban";1
"Tennessee";"Matriculants";"Other Hispanic or Latino";3
"Tennessee";"Matriculants";"Multiple Hispanic";2
"Tennessee";"Matriculants";"Black or African American";40
"Tennessee";"Matriculants";"Asian";30
"Tennessee";"Matriculants";"American Indian or Alaska Native";0
"Tennessee";"Matriculants";"Native Hawaiian or Other Pacific Islander";1
"Tennessee";"Matriculants";"White";235
"Tennessee";"Matriculants";"Other Race";0
"Tennessee";"Matriculants";"No Race Response";6
"Tennessee";"Matriculants";"More than One Race";10
"Tennessee";"Matriculants";"Foreign";1
"Texas";"Matriculants";"Mexican American";71
"Texas";"Matriculants";"Puerto Rican";6
"Texas";"Matriculants";"Cuban";6
"Texas";"Matriculants";"Other Hispanic or Latino";150
"Texas";"Matriculants";"Multiple Hispanic";7
"Texas";"Matriculants";"Black or African American";106
"Texas";"Matriculants";"Asian";382
"Texas";"Matriculants";"American Indian or Alaska Native";6
"Texas";"Matriculants";"Native Hawaiian or Other Pacific Islander";1
"Texas";"Matriculants";"White";736
"Texas";"Matriculants";"Other Race";0
"Texas";"Matriculants";"No Race Response";26
"Texas";"Matriculants";"More than One Race";47
"Texas";"Matriculants";"Foreign";10
"U.S. Territories and Possessions";"Matriculants";"Mexican American";0
"U.S. Territories and Possessions";"Matriculants";"Puerto Rican";0
"U.S. Territories and Possessions";"Matriculants";"Cuban";0
"U.S. Territories and Possessions";"Matriculants";"Other Hispanic or Latino";0
"U.S. Territories and Possessions";"Matriculants";"Multiple Hispanic";0
"U.S. Territories and Possessions";"Matriculants";"Black or African American";3
"U.S. Territories and Possessions";"Matriculants";"Asian";2
"U.S. Territories and Possessions";"Matriculants";"American Indian or Alaska Native";0
"U.S. Territories and Possessions";"Matriculants";"Native Hawaiian or Other Pacific Islander";2
"U.S. Territories and Possessions";"Matriculants";"White";0
"U.S. Territories and Possessions";"Matriculants";"Other Race";0
"U.S. Territories and Possessions";"Matriculants";"No Race Response";0
"U.S. Territories and Possessions";"Matriculants";"More than One Race";2
"U.S. Territories and Possessions";"Matriculants";"Foreign";0
"Unknown";"Matriculants";"Mexican American";2
"Unknown";"Matriculants";"Puerto Rican";2
"Unknown";"Matriculants";"Cuban";0
"Unknown";"Matriculants";"Other Hispanic or Latino";0
"Unknown";"Matriculants";"Multiple Hispanic";0
"Unknown";"Matriculants";"Black or African American";2
"Unknown";"Matriculants";"Asian";3
"Unknown";"Matriculants";"American Indian or Alaska Native";0
"Unknown";"Matriculants";"Native Hawaiian or Other Pacific Islander";0
"Unknown";"Matriculants";"White";8
"Unknown";"Matriculants";"Other Race";0
"Unknown";"Matriculants";"No Race Response";1
"Unknown";"Matriculants";"More than One Race";1
"Unknown";"Matriculants";"Foreign";0
"Utah";"Matriculants";"Mexican American";2
"Utah";"Matriculants";"Puerto Rican";0
"Utah";"Matriculants";"Cuban";2
"Utah";"Matriculants";"Other Hispanic or Latino";1
"Utah";"Matriculants";"Multiple Hispanic";0
"Utah";"Matriculants";"Black or African American";3
"Utah";"Matriculants";"Asian";11
"Utah";"Matriculants";"American Indian or Alaska Native";0
"Utah";"Matriculants";"Native Hawaiian or Other Pacific Islander";0
"Utah";"Matriculants";"White";156
"Utah";"Matriculants";"Other Race";0
"Utah";"Matriculants";"No Race Response";3
"Utah";"Matriculants";"More than One Race";4
"Utah";"Matriculants";"Foreign";1
"Vermont";"Matriculants";"Mexican American";0
"Vermont";"Matriculants";"Puerto Rican";0
"Vermont";"Matriculants";"Cuban";1
"Vermont";"Matriculants";"Other Hispanic or Latino";0
"Vermont";"Matriculants";"Multiple Hispanic";0
"Vermont";"Matriculants";"Black or African American";0
"Vermont";"Matriculants";"Asian";3
"Vermont";"Matriculants";"American Indian or Alaska Native";1
"Vermont";"Matriculants";"Native Hawaiian or Other Pacific Islander";0
"Vermont";"Matriculants";"White";52
"Vermont";"Matriculants";"Other Race";0
"Vermont";"Matriculants";"No Race Response";4
"Vermont";"Matriculants";"More than One Race";0
"Vermont";"Matriculants";"Foreign";0
"Virginia";"Matriculants";"Mexican American";2
"Virginia";"Matriculants";"Puerto Rican";3
"Virginia";"Matriculants";"Cuban";3
"Virginia";"Matriculants";"Other Hispanic or Latino";4
"Virginia";"Matriculants";"Multiple Hispanic";2
"Virginia";"Matriculants";"Black or African American";37
"Virginia";"Matriculants";"Asian";123
"Virginia";"Matriculants";"American Indian or Alaska Native";0
"Virginia";"Matriculants";"Native Hawaiian or Other Pacific Islander";0
"Virginia";"Matriculants";"White";261
"Virginia";"Matriculants";"Other Race";0
"Virginia";"Matriculants";"No Race Response";20
"Virginia";"Matriculants";"More than One Race";21
"Virginia";"Matriculants";"Foreign";2
"Washington";"Matriculants";"Mexican American";6
"Washington";"Matriculants";"Puerto Rican";1
"Washington";"Matriculants";"Cuban";0
"Washington";"Matriculants";"Other Hispanic or Latino";8
"Washington";"Matriculants";"Multiple Hispanic";1
"Washington";"Matriculants";"Black or African American";12
"Washington";"Matriculants";"Asian";71
"Washington";"Matriculants";"American Indian or Alaska Native";1
"Washington";"Matriculants";"Native Hawaiian or Other Pacific Islander";0
"Washington";"Matriculants";"White";206
"Washington";"Matriculants";"Other Race";0
"Washington";"Matriculants";"No Race Response";11
"Washington";"Matriculants";"More than One Race";14
"Washington";"Matriculants";"Foreign";1
"West Virginia";"Matriculants";"Mexican American";0
"West Virginia";"Matriculants";"Puerto Rican";0
"West Virginia";"Matriculants";"Cuban";1
"West Virginia";"Matriculants";"Other Hispanic or Latino";2
"West Virginia";"Matriculants";"Multiple Hispanic";0
"West Virginia";"Matriculants";"Black or African American";2
"West Virginia";"Matriculants";"Asian";13
"West Virginia";"Matriculants";"American Indian or Alaska Native";0
"West Virginia";"Matriculants";"Native Hawaiian or Other Pacific Islander";0
"West Virginia";"Matriculants";"White";96
"West Virginia";"Matriculants";"Other Race";0
"West Virginia";"Matriculants";"No Race Response";2
"West Virginia";"Matriculants";"More than One Race";3
"West Virginia";"Matriculants";"Foreign";0
"Wisconsin";"Matriculants";"Mexican American";11
"Wisconsin";"Matriculants";"Puerto Rican";1
"Wisconsin";"Matriculants";"Cuban";0
"Wisconsin";"Matriculants";"Other Hispanic or Latino";2
"Wisconsin";"Matriculants";"Multiple Hispanic";0
"Wisconsin";"Matriculants";"Black or African American";11
"Wisconsin";"Matriculants";"Asian";24
"Wisconsin";"Matriculants";"American Indian or Alaska Native";1
"Wisconsin";"Matriculants";"Native Hawaiian or Other Pacific Islander";0
"Wisconsin";"Matriculants";"White";261
"Wisconsin";"Matriculants";"Other Race";0
"Wisconsin";"Matriculants";"No Race Response";7
"Wisconsin";"Matriculants";"More than One Race";5
"Wisconsin";"Matriculants";"Foreign";0
"Wyoming";"Matriculants";"Mexican American";3
"Wyoming";"Matriculants";"Puerto Rican";0
"Wyoming";"Matriculants";"Cuban";0
"Wyoming";"Matriculants";"Other Hispanic or Latino";1
"Wyoming";"Matriculants";"Multiple Hispanic";0
"Wyoming";"Matriculants";"Black or African American";1
"Wyoming";"Matriculants";"Asian";1
"Wyoming";"Matriculants";"American Indian or Alaska Native";0
"Wyoming";"Matriculants";"Native Hawaiian or Other Pacific Islander";0
"Wyoming";"Matriculants";"White";19
"Wyoming";"Matriculants";"Other Race";0
"Wyoming";"Matriculants";"No Race Response";0
"Wyoming";"Matriculants";"More than One Race";0
"Wyoming";"Matriculants";"Foreign";0
